Workbook

Sheet Sprint 1
A1: Project name: | C1: EDUMANAGE - HỆ THỐNG QUẢN LÝ THÔNG TIN SINH VIÊN VÀ ĐIỂM DANH LỚP HỌC TRỰC TUYẾN | F1: Kết thúc
A2: Module name: | C2: Sprint 1 | F2: Tăng ca
A3: Start date: | C3: 46250 | F3: Muộn
A4: End date: | C4: =W15 -> 46264 | F4: Chậm tiến độ
F5: Trước thời hạn
B6: SPRINT 1 REPORT
B7: No | C7: Thành viên | D7: Thực tế | E7: Ước tính | F7: Tên gọi tắt
B8: 1 | C8: Trần Xuân Vinh | D8: =SUMPRODUCT(ISNUMBER(SEARCH($F8,$E$16:$E$141))*$G$16:$G$141/(LEN($E$16:$E$141)-LEN(SUBSTITUTE($E$16:$E$141,",",""))+1))+SUMIF($E$16:$E$141,"All team",$G$16:$G$141)/COUNTA($F$8:$F$12) -> 62.633333 | E8: =SUMPRODUCT(ISNUMBER(SEARCH($F8,$E$16:$E$141))*$H$16:$H$141/(LEN($E$16:$E$141)-LEN(SUBSTITUTE($E$16:$E$141,",",""))+1))+SUMIF($E$16:$E$141,"All team",$H$16:$H$141)/COUNTA($F$8:$F$12) -> 62.633333 | F8: Vinh
B9: 2 | C9: Lê Huỳnh Tấn Thức | D9: =SUMPRODUCT(ISNUMBER(SEARCH($F9,$E$16:$E$141))*$G$16:$G$141/(LEN($E$16:$E$141)-LEN(SUBSTITUTE($E$16:$E$141,",",""))+1))+SUMIF($E$16:$E$141,"All team",$G$16:$G$141)/COUNTA($F$8:$F$12) -> 56.133333 | E9: =SUMPRODUCT(ISNUMBER(SEARCH($F9,$E$16:$E$141))*$H$16:$H$141/(LEN($E$16:$E$141)-LEN(SUBSTITUTE($E$16:$E$141,",",""))+1))+SUMIF($E$16:$E$141,"All team",$H$16:$H$141)/COUNTA($F$8:$F$12) -> 56.133333 | F9: Thức
B10: 3 | C10: Phùng Văn Cường | D10: =SUMPRODUCT(ISNUMBER(SEARCH($F10,$E$16:$E$141))*$G$16:$G$141/(LEN($E$16:$E$141)-LEN(SUBSTITUTE($E$16:$E$141,",",""))+1))+SUMIF($E$16:$E$141,"All team",$G$16:$G$141)/COUNTA($F$8:$F$12) -> 131.13333 | E10: =SUMPRODUCT(ISNUMBER(SEARCH($F10,$E$16:$E$141))*$H$16:$H$141/(LEN($E$16:$E$141)-LEN(SUBSTITUTE($E$16:$E$141,",",""))+1))+SUMIF($E$16:$E$141,"All team",$H$16:$H$141)/COUNTA($F$8:$F$12) -> 131.63333 | F10: Cường
B11: 4 | C11: Huỳnh Gia Pho | D11: =SUMPRODUCT(ISNUMBER(SEARCH($F11,$E$16:$E$141))*$G$16:$G$141/(LEN($E$16:$E$141)-LEN(SUBSTITUTE($E$16:$E$141,",",""))+1))+SUMIF($E$16:$E$141,"All team",$G$16:$G$141)/COUNTA($F$8:$F$12) -> 44.3 | E11: =SUMPRODUCT(ISNUMBER(SEARCH($F11,$E$16:$E$141))*$H$16:$H$141/(LEN($E$16:$E$141)-LEN(SUBSTITUTE($E$16:$E$141,",",""))+1))+SUMIF($E$16:$E$141,"All team",$H$16:$H$141)/COUNTA($F$8:$F$12) -> 38.8 | F11: Pho
B12: 5 | C12: Phan Quốc Trụ | D12: =SUMPRODUCT(ISNUMBER(SEARCH($F12,$E$16:$E$141))*$G$16:$G$141/(LEN($E$16:$E$141)-LEN(SUBSTITUTE($E$16:$E$141,",",""))+1))+SUMIF($E$16:$E$141,"All team",$G$16:$G$141)/COUNTA($F$8:$F$12) -> 16.3 | E12: =SUMPRODUCT(ISNUMBER(SEARCH($F12,$E$16:$E$141))*$H$16:$H$141/(LEN($E$16:$E$141)-LEN(SUBSTITUTE($E$16:$E$141,",",""))+1))+SUMIF($E$16:$E$141,"All team",$H$16:$H$141)/COUNTA($F$8:$F$12) -> 9.3 | F12: Trụ
B13: Tổng | D13: =SUM(D8:D12) -> 310.5 | E13: =SUM(E8:E12) -> 298.5
A15: Sprint | B15: Component | C15: Task name | E15: Responsible Member | G15: Thực tế | H15: Ước tính | I15: =$C$3 -> 46250 | J15: =I15+1 -> 46251 | K15: =J15+1 -> 46252 | L15: =K15+1 -> 46253 | M15: =L15+1 -> 46254 | N15: =M15+1 -> 46255 | O15: =N15+1 -> 46256 | P15: =O15+1 -> 46257 | Q15: =P15+1 -> 46258 | ... X15: =W15+1 -> 46265
A16: Sprint 1 | B16: Họp kế hoạch Sprint | E16: Vinh, Cường, Thức | G16: =4 -> 4 | H16: 4 | I16: 4 | J16: 0 | K16: 0 | L16: 0 | M16: 0 | N16: 0 | O16: 0 | P16: 0 | Q16: 0 | R16: 0 | S16: 0 | T16: 0 | U16: 0 | V16: 0 | W16: 0 | X16: 0
B17: Tạo Sprint Backlog 1 | E17: Cường | G17: =H17 -> 4 | H17: 4 | I17: 4 | J17: 0 | K17: 0 | L17: 0 | M17: 0 | N17: 0 | O17: 0 | P17: 0 | Q17: 0 | R17: 0 | S17: 0 | T17: 0 | U17: 0 | V17: 0 | W17: 0 | X17: 0
B18: Tạo tài liệu kiểm thử cho Sprint | E18: Cường | G18: =H18 -> 2 | H18: 2 | I18: 2 | J18: 0 | K18: 0 | L18: 0 | M18: 0 | N18: 0 | O18: 0 | P18: 0 | Q18: 0 | R18: 0 | S18: 0 | T18: 0 | U18: 0 | V18: 0 | W18: 0 | X18: 0
B19: User interface design | C19: Giao diện đăng nhập | E19: Pho | G19: =H19 -> 0.5 | H19: 0.5 | I19: 0.5 | J19: 0.5 | K19: 0 | L19: 0 | M19: 0 | N19: 0 | O19: 0 | P19: 0 | Q19: 0 | R19: 0 | S19: 0 | T19: 0 | U19: 0 | V19: 0 | W19: 0 | X19: 0
C20: Giao diện Dashboard | E20: Pho | G20: =H20 -> 4 | H20: 4 | I20: 4 | J20: 4 | K20: 0 | L20: 0 | M20: 0 | N20: 0 | O20: 0 | P20: 0 | Q20: 0 | R20: 0 | S20: 0 | T20: 0 | U20: 0 | V20: 0 | W20: 0 | X20: 0
C21: Giao diện hồ sơ cá nhân | E21: Trụ | G21: 1.5 | H21: 0.5 | I21: 0.5 | J21: 0.5 | K21: 0 | L21: 0 | M21: 0 | N21: 0 | O21: 0 | P21: 0 | Q21: 0 | R21: 0 | S21: 0 | T21: 0 | U21: 0 | V21: 0 | W21: 0 | X21: 0
K22: 1
C23: Giao diện quản lý môn học | E23: Trụ | G23: 1.5 | H23: 0.5 | I23: 0.5 | J23: 0.5 | K23: 0 | L23: 0 | M23: 0 | N23: 0 | O23: 0 | P23: 0 | Q23: 0 | R23: 0 | S23: 0 | T23: 0 | U23: 0 | V23: 0 | W23: 0 | X23: 0
K24: 1
C25: Giao diện quản lý lớp học phần | E25: Trụ | G25: 1.5 | H25: 0.5 | I25: 0.5 | J25: 0.5 | K25: 0 | L25: 0 | M25: 0 | N25: 0 | O25: 0 | P25: 0 | Q25: 0 | R25: 0 | S25: 0 | T25: 0 | U25: 0 | V25: 0 | W25: 0 | X25: 0
K26: 1
C27: Giao diện đăng ký lớp học phần | E27: Trụ | G27: 1.5 | H27: 0.5 | I27: 0.5 | J27: 0.5 | K27: 0 | L27: 0 | M27: 0 | N27: 0 | O27: 0 | P27: 0 | Q27: 0 | R27: 0 | S27: 0 | T27: 0 | U27: 0 | V27: 0 | W27: 0 | X27: 0
K28: 1
C29: Giao diện điểm danh bằng mã QR | E29: Trụ | G29: 1.5 | H29: 0.5 | I29: 0.5 | J29: 0.5 | K29: 0 | L29: 0 | M29: 0 | N29: 0 | O29: 0 | P29: 0 | Q29: 0 | R29: 0 | S29: 0 | T29: 0 | U29: 0 | V29: 0 | W29: 0 | X29: 0
K30: 1
C31: Giao diện quản lý điểm danh | E31: Trụ | G31: 1.5 | H31: 0.5 | I31: 0.5 | J31: 0.5 | K31: 0 | L31: 0 | M31: 0 | N31: 0 | O31: 0 | P31: 0 | Q31: 0 | R31: 0 | S31: 0 | T31: 0 | U31: 0 | V31: 0 | W31: 0 | X31: 0
K32: 1
C33: Giao diện nhập điểm | E33: Trụ | G33: 1.5 | H33: 0.5 | I33: 0.5 | J33: 0.5 | K33: 0 | L33: 0 | M33: 0 | N33: 0 | O33: 0 | P33: 0 | Q33: 0 | R33: 0 | S33: 0 | T33: 0 | U33: 0 | V33: 0 | W33: 0 | X33: 0
K34: 1
C35: Giao diện bảng điểm | E35: Cường | G35: 0.5 | H35: 0.5 | I35: 0.5 | J35: 0.5 | K35: 0 | L35: 0 | M35: 0 | N35: 0 | O35: 0 | P35: 0 | Q35: 0 | R35: 0 | S35: 0 | T35: 0 | U35: 0 | V35: 0 | W35: 0 | X35: 0
C36: Giao diện quản lý tài khoản | E36: Cường | G36: 0.5 | H36: 0.5 | I36: 0.5 | J36: 0.5 | K36: 0 | L36: 0 | M36: 0 | N36: 0 | O36: 0 | P36: 0 | Q36: 0 | R36: 0 | S36: 0 | T36: 0 | U36: 0 | V36: 0 | W36: 0 | X36: 0
C37: Giao diện phân công giảng dạy | E37: Cường | G37: 0.5 | H37: 0.5 | I37: 0.5 | J37: 0.5 | K37: 0 | L37: 0 | M37: 0 | N37: 0 | O37: 0 | P37: 0 | Q37: 0 | R37: 0 | S37: 0 | T37: 0 | U37: 0 | V37: 0 | W37: 0 | X37: 0
C38: Review all user interfaces of sprint 1 | E38: All team | G38: =H38 -> 14 | H38: 14 | I38: 14 | J38: 14 | K38: 14 | L38: 14 | M38: 14 | N38: 14 | O38: 0 | P38: 0 | Q38: 0 | R38: 0 | S38: 0 | T38: 0 | U38: 0 | V38: 0 | W38: 0 | X38: 0
B39: Design test case | C39: Thiết kế trường kiểm thử cho đăng nhập | E39: Cường | G39: =H39 -> 2 | H39: 2 | I39: 2 | J39: 2 | K39: 2 | L39: 0 | M39: 0 | N39: 0 | O39: 0 | P39: 0 | Q39: 0 | R39: 0 | S39: 0 | T39: 0 | U39: 0 | V39: 0 | W39: 0 | X39: 0
C40: Thiết kế trường kiểm thử cho đăng xuất | E40: Cường | G40: 1 | H40: 1 | I40: 1 | J40: 1 | K40: 1 | L40: 0 | M40: 0 | N40: 0 | O40: 0 | P40: 0 | Q40: 0 | R40: 0 | S40: 0 | T40: 0 | U40: 0 | V40: 0 | W40: 0 | X40: 0
C41: Thiết kế trường kiểm thử cho thông tin cá nhân | E41: Cường | G41: =H41 -> 2 | H41: 2 | I41: 2 | J41: 2 | K41: 2 | L41: 2 | M41: 0 | N41: 0 | O41: 0 | P41: 0 | Q41: 0 | R41: 0 | S41: 0 | T41: 0 | U41: 0 | V41: 0 | W41: 0 | X41: 0
C42: Thiết kế trường kiểm thử cho quản lý tài khoản | E42: Cường | G42: =H42 -> 2 | H42: 2 | I42: 2 | J42: 2 | K42: 2 | L42: 2 | M42: 2 | N42: 0 | O42: 0 | P42: 0 | Q42: 0 | R42: 0 | S42: 0 | T42: 0 | U42: 0 | V42: 0 | W42: 0 | X42: 0
C43: Thiết kế trường kiểm thử cho danh mục môn học/lớp học | E43: Cường | G43: =H43 -> 3 | H43: 3 | I43: 3 | J43: 3 | K43: 3 | L43: 3 | M43: 3 | N43: 3 | O43: 0 | P43: 0 | Q43: 0 | R43: 0 | S43: 0 | T43: 0 | U43: 0 | V43: 0 | W43: 0 | X43: 0
C44: Thiết kế trường kiểm thử cho phân công giảng dạy | E44: Cường | G44: =H44 -> 2 | H44: 2 | I44: 2 | J44: 2 | K44: 2 | L44: 2 | M44: 2 | N44: 2 | O44: 2 | P44: 0 | Q44: 0 | R44: 0 | S44: 0 | T44: 0 | U44: 0 | V44: 0 | W44: 0 | X44: 0
C45: Thiết kế trường kiểm thử cho danh sách sinh viên | E45: Cường | G45: =H45 -> 2 | H45: 2 | I45: 2 | J45: 2 | K45: 2 | L45: 2 | M45: 2 | N45: 2 | O45: 2 | P45: 2 | Q45: 0 | R45: 0 | S45: 0 | T45: 0 | U45: 0 | V45: 0 | W45: 0 | X45: 0
C46: Thiết kế trường kiểm thử cho đăng ký lớp học | E46: Cường | G46: =H46 -> 2 | H46: 2 | I46: 2 | J46: 2 | K46: 2 | L46: 2 | M46: 2 | N46: 2 | O46: 2 | P46: 2 | Q46: 2 | R46: 0 | S46: 0 | T46: 0 | U46: 0 | V46: 0 | W46: 0 | X46: 0
C47: Thiết kế trường kiểm thử cho thiết lập phiên điểm danh | E47: Cường | G47: =H47 -> 2 | H47: 2 | I47: 2 | J47: 2 | K47: 2 | L47: 2 | M47: 2 | N47: 2 | O47: 2 | P47: 2 | Q47: 2 | R47: 2 | S47: 0 | T47: 0 | U47: 0 | V47: 0 | W47: 0 | X47: 0
C48: Thiết kế trường kiểm thử cho thực hiện điểm danh | E48: Cường | G48: =H48 -> 4 | H48: 4 | I48: 4 | J48: 4 | K48: 4 | L48: 4 | M48: 4 | N48: 4 | O48: 4 | P48: 4 | Q48: 4 | R48: 4 | S48: 4 | T48: 0 | U48: 0 | V48: 0 | W48: 0 | X48: 0
C49: Thiết kế trường kiểm thử cho điểm danh thủ công | E49: Cường | G49: =H49 -> 2 | H49: 2 | I49: 2 | J49: 2 | K49: 2 | L49: 2 | M49: 2 | N49: 2 | O49: 2 | P49: 2 | Q49: 2 | R49: 2 | S49: 2 | T49: 2 | U49: 0 | V49: 0 | W49: 0 | X49: 0
C50: Thiết kế trường kiểm thử cho quản lý danh sách điểm danh | E50: Cường | G50: =H50 -> 2 | H50: 2 | I50: 2 | J50: 2 | K50: 2 | L50: 2 | M50: 2 | N50: 2 | O50: 2 | P50: 2 | Q50: 2 | R50: 2 | S50: 2 | T50: 2 | U50: 2 | V50: 0 | W50: 0 | X50: 0
C51: Thiết kế trường kiểm thử cho xem lịch sử điểm danh bằng QR | E51: Cường | G51: =H51 -> 1 | H51: 1 | I51: 1 | J51: 1 | K51: 1 | L51: 1 | M51: 1 | N51: 1 | O51: 1 | P51: 1 | Q51: 1 | R51: 1 | S51: 1 | T51: 1 | U51: 1 | V51: 0 | W51: 0 | X51: 0
C52: Thiết kế trường kiểm thử cho quản lý điểm sinh viên | E52: Pho, Cường | G52: =H52 -> 2 | H52: 2 | I52: 2 | J52: 2 | K52: 2 | L52: 2 | M52: 2 | N52: 2 | O52: 2 | P52: 2 | Q52: 2 | R52: 2 | S52: 2 | T52: 2 | U52: 2 | V52: 2 | W52: 0 | X52: 0
C53: Thiết kế trường kiểm thử cho xem điểm | E53: Pho, Cường | G53: =H53 -> 2 | H53: 2 | I53: 2 | J53: 2 | K53: 2 | L53: 2 | M53: 2 | N53: 2 | O53: 2 | P53: 2 | Q53: 2 | R53: 2 | S53: 2 | T53: 2 | U53: 2 | V53: 2 | W53: 2 | X53: 0
C54: Thiết kế trường kiểm thử cho quản lý điểm số | E54: Pho, Cường | G54: 2 | H54: 2 | I54: 2 | J54: 2 | K54: 2 | L54: 2 | M54: 2 | N54: 2 | O54: 2 | P54: 2 | Q54: 2 | R54: 2 | S54: 2 | T54: 2 | U54: 2 | V54: 2 | W54: 2 | X54: 0
C55: Review all test case of sprint 1 | E55: All team | G55: =H55 -> 5 | H55: 5 | I55: 5 | J55: 5 | K55: 5 | L55: 5 | M55: 5 | N55: 5 | O55: 5 | P55: 5 | Q55: 5 | R55: 5 | S55: 5 | T55: 5 | U55: 5 | V55: 5 | W55: 5 | X55: 0
B56: Coding | C56: Thiết kế front-end cho đăng nhập | E56: Thức | G56: =H56 -> 3 | H56: 3 | I56: 3 | J56: 3 | K56: 3 | L56: 0 | M56: 0 | N56: 0 | O56: 0 | P56: 0 | Q56: 0 | R56: 0 | S56: 0 | T56: 0 | U56: 0 | V56: 0 | W56: 0 | X56: 0
C57: Code back-end cho đăng nhập | E57: Vinh | G57: =H57 -> 5 | H57: 5 | I57: 5 | J57: 5 | K57: 5 | L57: 0 | M57: 0 | N57: 0 | O57: 0 | P57: 0 | Q57: 0 | R57: 0 | S57: 0 | T57: 0 | U57: 0 | V57: 0 | W57: 0 | X57: 0
C58: Thiết kế front-end cho đăng xuất | E58: Thức | G58: =H58 -> 2 | H58: 2 | I58: 2 | J58: 2 | K58: 2 | L58: 0 | M58: 0 | N58: 0 | O58: 0 | P58: 0 | Q58: 0 | R58: 0 | S58: 0 | T58: 0 | U58: 0 | V58: 0 | W58: 0 | X58: 0
C59: Code back-end cho đăng xuất | E59: Vinh | G59: =H59 -> 2 | H59: 2 | I59: 2 | J59: 2 | K59: 2 | L59: 0 | M59: 0 | N59: 0 | O59: 0 | P59: 0 | Q59: 0 | R59: 0 | S59: 0 | T59: 0 | U59: 0 | V59: 0 | W59: 0 | X59: 0
C60: Thiết kế front-end cho thông tin cá nhân | E60: Thức | G60: =H60 -> 3 | H60: 3 | I60: 3 | J60: 3 | K60: 3 | L60: 3 | M60: 0 | N60: 0 | O60: 0 | P60: 0 | Q60: 0 | R60: 0 | S60: 0 | T60: 0 | U60: 0 | V60: 0 | W60: 0 | X60: 0
C61: Code back-end cho thông tin cá nhân | E61: Vinh | G61: =H61 -> 5 | H61: 5 | I61: 5 | J61: 5 | K61: 5 | L61: 5 | M61: 0 | N61: 0 | O61: 0 | P61: 0 | Q61: 0 | R61: 0 | S61: 0 | T61: 0 | U61: 0 | V61: 0 | W61: 0 | X61: 0
C62: Thiết kế front-end cho quản lý tài khoản | E62: Thức | G62: =H62 -> 4 | H62: 4 | I62: 4 | J62: 4 | K62: 4 | L62: 4 | M62: 4 | N62: 0 | O62: 0 | P62: 0 | Q62: 0 | R62: 0 | S62: 0 | T62: 0 | U62: 0 | V62: 0 | W62: 0 | X62: 0
C63: Code back-end cho quản lý tài khoản | E63: Vinh | G63: =H63 -> 6 | H63: 6 | I63: 6 | J63: 6 | K63: 6 | L63: 6 | M63: 6 | N63: 0 | O63: 0 | P63: 0 | Q63: 0 | R63: 0 | S63: 0 | T63: 0 | U63: 0 | V63: 0 | W63: 0 | X63: 0
C64: Thiết kế front-end cho danh mục môn học/lớp học | E64: Thức | G64: =H64 -> 4 | H64: 4 | I64: 4 | J64: 4 | K64: 4 | L64: 4 | M64: 4 | N64: 4 | O64: 0 | P64: 0 | Q64: 0 | R64: 0 | S64: 0 | T64: 0 | U64: 0 | V64: 0 | W64: 0 | X64: 0
C65: Code back-end cho danh mục môn học/lớp học | E65: Vinh | G65: =H65 -> 6 | H65: 6 | I65: 6 | J65: 6 | K65: 6 | L65: 6 | M65: 6 | N65: 6 | O65: 0 | P65: 0 | Q65: 0 | R65: 0 | S65: 0 | T65: 0 | U65: 0 | V65: 0 | W65: 0 | X65: 0
C66: Thiết kế front-end cho phân công giảng dạy | E66: Thức | G66: =H66 -> 3 | H66: 3 | I66: 3 | J66: 3 | K66: 3 | L66: 3 | M66: 3 | N66: 3 | O66: 3 | P66: 0 | Q66: 0 | R66: 0 | S66: 0 | T66: 0 | U66: 0 | V66: 0 | W66: 0 | X66: 0
C67: Code back-end cho phân công giảng dạy | E67: Vinh | G67: =H67 -> 7 | H67: 7 | I67: 7 | J67: 7 | K67: 7 | L67: 7 | M67: 7 | N67: 7 | O67: 7 | P67: 0 | Q67: 0 | R67: 0 | S67: 0 | T67: 0 | U67: 0 | V67: 0 | W67: 0 | X67: 0
C68: Thiết kế front-end cho danh sách sinh viên | E68: Thức | G68: =H68 -> 3 | H68: 3 | I68: 3 | J68: 3 | K68: 3 | L68: 3 | M68: 3 | N68: 3 | O68: 3 | P68: 3 | Q68: 0 | R68: 0 | S68: 0 | T68: 0 | U68: 0 | V68: 0 | W68: 0 | X68: 0
... C79: Code back-end cho quản lý danh sách điểm danh | E79: Vinh, Cường | G79: =H79 -> 5 | H79: 5 | I79: 5 | J79: 5 | K79: 5 | L79: 5 | M79: 5 | N79: 5 | O79: 5 | P79: 5 | Q79: 5 | R79: 5 | S79: 5 | T79: 5 | U79: 5 | V79: 0 | W79: 0 | X79: 0
C80: Thiết kế front-end cho xem lịch sử điểm danh bằng QR | E80: Thức | G80: 2 | H80: 2 | I80: 2 | J80: 2 | K80: 2 | L80: 2 | M80: 2 | N80: 2 | O80: 2 | P80: 2 | Q80: 2 | R80: 2 | S80: 2 | T80: 2 | U80: 2 | V80: 0 | W80: 0 | X80: 0
C81: Code back-end cho xem lịch sử điểm danh bằng QR | E81: Cường | G81: 4 | H81: 4 | I81: 4 | J81: 4 | K81: 4 | L81: 4 | M81: 4 | N81: 4 | O81: 4 | P81: 4 | Q81: 4 | R81: 4 | S81: 4 | T81: 4 | U81: 4 | V81: 0 | W81: 0 | X81: 0
C82: Thiết kế front-end cho quản lý điểm sinh viên | E82: Thức | G82: 3 | H82: 3 | I82: 3 | J82: 3 | K82: 3 | L82: 3 | M82: 3 | N82: 3 | O82: 3 | P82: 3 | Q82: 3 | R82: 3 | S82: 3 | T82: 3 | U82: 3 | V82: 3 | W82: 0 | X82: 0
C83: Code back-end cho quản lý điểm sinh viên | E83: Pho | G83: 10 | H83: 7 | I83: 7 | J83: 7 | K83: 7 | L83: 7 | M83: 7 | N83: 7 | O83: 7 | P83: 7 | Q83: 7 | R83: 7 | S83: 7 | T83: 7 | U83: 7 | V83: 7 | W83: 0 | X83: 0
W84: 3
C85: Thiết kế front-end cho xem điểm | E85: Thức | G85: 2 | H85: 2 | I85: 2 | J85: 2 | K85: 2 | L85: 2 | M85: 2 | N85: 2 | O85: 2 | P85: 2 | Q85: 2 | R85: 2 | S85: 2 | T85: 2 | U85: 2 | V85: 2 | W85: 2 | X85: 0
C86: Code back-end cho xem điểm | E86: Pho | G86: 8 | H86: 6 | I86: 6 | J86: 6 | K86: 6 | L86: 6 | M86: 6 | N86: 6 | O86: 6 | P86: 6 | Q86: 6 | R86: 6 | S86: 6 | T86: 6 | U86: 6 | V86: 6 | W86: 6 | X86: 0
X87: 2
C88: Thiết kế front-end cho quản lý điểm số | E88: Thức | G88: 3 | H88: 3 | I88: 3 | J88: 3 | K88: 3 | L88: 3 | M88: 3 | N88: 3 | O88: 3 | P88: 3 | Q88: 3 | R88: 3 | S88: 3 | T88: 3 | U88: 3 | V88: 3 | W88: 3 | X88: 0
C89: Code back-end cho quản lý điểm số | E89: Pho | G89: 8 | H89: 7 | I89: 7 | J89: 7 | K89: 7 | L89: 7 | M89: 7 | N89: 7 | O89: 7 | P89: 7 | Q89: 7 | R89: 7 | S89: 7 | T89: 7 | U89: 7 | V89: 7 | W89: 7 | X89: 0
X90: 1
C91: Integrate code | E91: All team | G91: =H91 -> 10 | H91: 10 | I91: 10 | J91: 10 | K91: 10 | L91: 10 | M91: 10 | N91: 10 | O91: 10 | P91: 10 | Q91: 10 | R91: 10 | S91: 10 | T91: 10 | U91: 10 | V91: 10 | W91: 10 | X91: 0
B92: Testing | C92: Kiểm tra đăng nhập | E92: Cường | G92: =H92 -> 2 | H92: 2 | I92: 2 | J92: 2 | K92: 2 | L92: 0 | M92: 0 | N92: 0 | O92: 0 | P92: 0 | Q92: 0 | R92: 0 | S92: 0 | T92: 0 | U92: 0 | V92: 0 | W92: 0 | X92: 0
C93: Kiểm tra đăng xuất | E93: Cường | G93: =H93 -> 1 | H93: 1 | I93: 1 | J93: 1 | K93: 1 | L93: 0 | M93: 0 | N93: 0 | O93: 0 | P93: 0 | Q93: 0 | R93: 0 | S93: 0 | T93: 0 | U93: 0 | V93: 0 | W93: 0 | X93: 0
C94: Kiểm tra thông tin cá nhân | E94: Cường | G94: =H94 -> 2 | H94: 2 | I94: 2 | J94: 2 | K94: 2 | L94: 2 | M94: 0 | N94: 0 | O94: 0 | P94: 0 | Q94: 0 | R94: 0 | S94: 0 | T94: 0 | U94: 0 | V94: 0 | W94: 0 | X94: 0
C95: Kiểm tra quản lý tài khoản | E95: Cường | G95: =H95 -> 2 | H95: 2 | I95: 2 | J95: 2 | K95: 2 | L95: 2 | M95: 2 | N95: 0 | O95: 0 | P95: 0 | Q95: 0 | R95: 0 | S95: 0 | T95: 0 | U95: 0 | V95: 0 | W95: 0 | X95: 0
C96: Kiểm tra danh mục môn học/lớp học | E96: Cường | G96: =H96 -> 3 | H96: 3 | I96: 3 | J96: 3 | K96: 3 | L96: 3 | M96: 3 | N96: 3 | O96: 0 | P96: 0 | Q96: 0 | R96: 0 | S96: 0 | T96: 0 | U96: 0 | V96: 0 | W96: 0 | X96: 0
C97: Kiểm tra phân công giảng dạy | E97: Cường | G97: =H97 -> 2 | H97: 2 | I97: 2 | J97: 2 | K97: 2 | L97: 2 | M97: 2 | N97: 2 | O97: 2 | P97: 0 | Q97: 0 | R97: 0 | S97: 0 | T97: 0 | U97: 0 | V97: 0 | W97: 0 | X97: 0
C98: Kiểm tra danh sách sinh viên | E98: Cường | G98: =H98 -> 2 | H98: 2 | I98: 2 | J98: 2 | K98: 2 | L98: 2 | M98: 2 | N98: 2 | O98: 2 | P98: 2 | Q98: 0 | R98: 0 | S98: 0 | T98: 0 | U98: 0 | V98: 0 | W98: 0 | X98: 0
C99: Kiểm tra đăng ký lớp học | E99: Cường | G99: =H99 -> 2 | H99: 2 | I99: 2 | J99: 2 | K99: 2 | L99: 2 | M99: 2 | N99: 2 | O99: 2 | P99: 2 | Q99: 2 | R99: 0 | S99: 0 | T99: 0 | U99: 0 | V99: 0 | W99: 0 | X99: 0
C100: Kiểm tra thiết lập phiên điểm danh | E100: Cường | G100: =H100 -> 2 | H100: 2 | I100: 2 | J100: 2 | K100: 2 | L100: 2 | M100: 2 | N100: 2 | O100: 2 | P100: 2 | Q100: 2 | R100: 2 | S100: 0 | T100: 0 | U100: 0 | V100: 0 | W100: 0 | X100: 0
C101: Kiểm tra Thực hiện điểm danh | E101: Cường | G101: =H101 -> 4 | H101: 4 | I101: 4 | J101: 4 | K101: 4 | L101: 4 | M101: 4 | N101: 4 | O101: 4 | P101: 4 | Q101: 4 | R101: 4 | S101: 4 | T101: 0 | U101: 0 | V101: 0 | W101: 0 | X101: 0
C102: Kiểm tra Điểm danh thủ công | E102: Cường | G102: =H102 -> 2 | H102: 2 | I102: 2 | J102: 2 | K102: 2 | L102: 2 | M102: 2 | N102: 2 | O102: 2 | P102: 2 | Q102: 2 | R102: 2 | S102: 2 | T102: 2 | U102: 0 | V102: 0 | W102: 0 | X102: 0
C103: Kiểm tra Quản lý danh sách điểm danh | E103: Cường | G103: =H103 -> 2 | H103: 2 | I103: 2 | J103: 2 | K103: 2 | L103: 2 | M103: 2 | N103: 2 | O103: 2 | P103: 2 | Q103: 2 | R103: 2 | S103: 2 | T103: 2 | U103: 2 | V103: 0 | W103: 0 | X103: 0
C104: Kiểm tra Xem lịch sử điểm danh bằng QR | E104: Cường | G104: 1 | H104: 1 | I104: 1 | J104: 1 | K104: 1 | L104: 1 | M104: 1 | N104: 1 | O104: 1 | P104: 1 | Q104: 1 | R104: 1 | S104: 1 | T104: 1 | U104: 1 | V104: 0 | W104: 0 | X104: 0
C105: Kiểm tra Quản lý điểm sinh viên | E105: Pho, Cường | G105: 2 | H105: 2 | I105: 2 | J105: 2 | K105: 2 | L105: 2 | M105: 2 | N105: 2 | O105: 2 | P105: 2 | Q105: 2 | R105: 2 | S105: 2 | T105: 2 | U105: 2 | V105: 2 | W105: 0 | X105: 0
C106: Kiểm tra xem điểm | E106: Pho, Cường | G106: 1 | H106: 2 | I106: 1 | J106: 1 | K106: 1 | L106: 1 | M106: 1 | N106: 1 | O106: 1 | P106: 1 | Q106: 1 | R106: 1 | S106: 1 | T106: 1 | U106: 1 | V106: 1 | W106: 1 | X106: 0
C107: Kiểm tra quản lý điểm số | E107: Pho, Cường | G107: =H107 -> 2 | H107: 2 | I107: 2 | J107: 2 | K107: 2 | L107: 2 | M107: 2 | N107: 2 | O107: 2 | P107: 2 | Q107: 2 | R107: 2 | S107: 2 | T107: 2 | U107: 2 | V107: 2 | W107: 2 | X107: 0
B108: Fix Bug | C108: Sửa lỗi đăng nhập GUI-DN04 | E108: Vinh | G108: 2 | H108: 2 | I108: 2 | J108: 2 | K108: 2 | L108: 0 | M108: 0 | N108: 0 | O108: 0 | P108: 0 | Q108: 0 | R108: 0 | S108: 0 | T108: 0 | U108: 0 | V108: 0 | W108: 0 | X108: 0
C109: Sửa lỗi đăng xuất | E109: Vinh | G109: 0 | H109: 0 | I109: 0 | J109: 0 | K109: 0 | L109: 0 | M109: 0 | N109: 0 | O109: 0 | P109: 0 | Q109: 0 | R109: 0 | S109: 0 | T109: 0 | U109: 0 | V109: 0 | W109: 0 | X109: 0
C110: Sửa lỗi thông tin cá nhân | E110: Vinh | G110: 0 | H110: 0 | I110: 0 | J110: 0 | K110: 0 | L110: 0 | M110: 0 | N110: 0 | O110: 0 | P110: 0 | Q110: 0 | R110: 0 | S110: 0 | T110: 0 | U110: 0 | V110: 0 | W110: 0 | X110: 0
C111: Sửa lỗi quản lý tài khoản | E111: Vinh | G111: 0 | H111: 0 | I111: 0 | J111: 0 | K111: 0 | L111: 0 | M111: 0 | N111: 0 | O111: 0 | P111: 0 | Q111: 0 | R111: 0 | S111: 0 | T111: 0 | U111: 0 | V111: 0 | W111: 0 | X111: 0
...

Sheet Sprint 2
A1: Project name: | C1: EDUMANAGE - HỆ THỐNG QUẢN LÝ LỚP HỌC TRỰC TUYẾN VÀ ĐIỂM DANH | F1: Kết thúc
A2: Module name: | C2: Sprint 2 | F2: Tăng ca
A3: Start date: | C3: 46265 | F3: Muộn
A4: End date: | C4: 46280 | F4: Chậm tiến độ
F5: Trước thời hạn
B6: SPRINT 2 REPORT
B7: No | C7: Thành viên | D7: Thực tế | E7: Ước tính | F7: Tên gọi tắt
B8: 1 | C8: Trần Xuân Vinh | D8: =SUMPRODUCT(ISNUMBER(SEARCH($F8,$E$16:$E$81))*$G$16:$G$81/(LEN($E$16:$E$81)-LEN(SUBSTITUTE($E$16:$E$81,",",""))+1))+SUMIF($E$16:$E$81,"All team",$G$16:$G$81)/COUNTA($F$8:$F$12) -> 50.733333 | E8: =SUMPRODUCT(ISNUMBER(SEARCH($F8,$E$16:$E$81))*$H$16:$H$81/(LEN($E$16:$E$81)-LEN(SUBSTITUTE($E$16:$E$81,",",""))+1))+SUMIF($E$16:$E$81,"All team",$H$16:$H$81)/COUNTA($F$8:$F$12) -> 50.733333 | F8: Vinh
B9: 2 | C9: Lê Huỳnh Tấn Thức | D9: =SUMPRODUCT(ISNUMBER(SEARCH($F9,$E$16:$E$81))*$G$16:$G$81/(LEN($E$16:$E$81)-LEN(SUBSTITUTE($E$16:$E$81,",",""))+1))+SUMIF($E$16:$E$81,"All team",$G$16:$G$81)/COUNTA($F$8:$F$12) -> 95.733333 | E9: =SUMPRODUCT(ISNUMBER(SEARCH($F9,$E$16:$E$81))*$H$16:$H$81/(LEN($E$16:$E$81)-LEN(SUBSTITUTE($E$16:$E$81,",",""))+1))+SUMIF($E$16:$E$81,"All team",$H$16:$H$81)/COUNTA($F$8:$F$12) -> 95.733333 | F9: Thức
B10: 3 | C10: Phùng Văn Cường | D10: =SUMPRODUCT(ISNUMBER(SEARCH($F10,$E$16:$E$81))*$G$16:$G$81/(LEN($E$16:$E$81)-LEN(SUBSTITUTE($E$16:$E$81,",",""))+1))+SUMIF($E$16:$E$81,"All team",$G$16:$G$81)/COUNTA($F$8:$F$12) -> 26.733333 | E10: =SUMPRODUCT(ISNUMBER(SEARCH($F10,$E$16:$E$81))*$H$16:$H$81/(LEN($E$16:$E$81)-LEN(SUBSTITUTE($E$16:$E$81,",",""))+1))+SUMIF($E$16:$E$81,"All team",$H$16:$H$81)/COUNTA($F$8:$F$12) -> 26.733333 | F10: Cường
B11: 4 | C11: Huỳnh Gia Pho | D11: =SUMPRODUCT(ISNUMBER(SEARCH($F11,$E$16:$E$81))*$G$16:$G$81/(LEN($E$16:$E$81)-LEN(SUBSTITUTE($E$16:$E$81,",",""))+1))+SUMIF($E$16:$E$81,"All team",$G$16:$G$81)/COUNTA($F$8:$F$12) -> 16.4 | E11: =SUMPRODUCT(ISNUMBER(SEARCH($F11,$E$16:$E$81))*$H$16:$H$81/(LEN($E$16:$E$81)-LEN(SUBSTITUTE($E$16:$E$81,",",""))+1))+SUMIF($E$16:$E$81,"All team",$H$16:$H$81)/COUNTA($F$8:$F$12) -> 16.4 | F11: Pho
B12: 5 | C12: Phan Quốc Trụ | D12: {=SUMPRODUCT(ISNUMBER(SEARCH($F12,$E$16:$E$81))*$G$16:$G$81/(LEN($E$16:$E$81)-LEN(SUBSTITUTE($E$16:$E$81,",",""))+1))+SUMIF($E$16:$E$81,"All team",$G$16:$G$81)/COUNTA($F$8:$F$12)} -> 27.4 | E12: =SUMPRODUCT(ISNUMBER(SEARCH($F12,$E$16:$E$81))*$H$16:$H$81/(LEN($E$16:$E$81)-LEN(SUBSTITUTE($E$16:$E$81,",",""))+1))+SUMIF($E$16:$E$81,"All team",$H$16:$H$81)/COUNTA($F$8:$F$12) -> 11.4 | F12: Trụ
B13: Tổng | D13: =SUM(D8:D12) -> 217 | E13: =SUM(E8:E12) -> 201
A15: Sprint | B15: Component | C15: Task name | E15: Responsible Member | G15: Thực tế | H15: Ước tính | I15: =$C$3 -> 46265 | J15: =I15+1 -> 46266 | K15: =J15+1 -> 46267 | L15: =K15+1 -> 46268 | M15: =L15+1 -> 46269 | N15: =M15+1 -> 46270 | O15: =N15+1 -> 46271 | P15: =O15+1 -> 46272 | Q15: =P15+1 -> 46273 | ... Y15: =X15+1 -> 46281
A16: Sprint 2 | B16: Họp kế hoạch Sprint | E16: Vinh, Cường, Thức | G16: 5 | H16: 5 | I16: 5 | J16: 0 | K16: 0 | L16: 0 | M16: 0 | N16: 0 | O16: 0 | P16: 0 | Q16: 0 | R16: 0 | S16: 0 | T16: 0 | U16: 0 | V16: 0 | W16: 0 | X16: 0 | Y16: 0
B17: Tạo Sprint Backlog 2 | E17: Thức | G17: 5 | H17: 5 | I17: 5 | J17: 0 | K17: 0 | L17: 0 | M17: 0 | N17: 0 | O17: 0 | P17: 0 | Q17: 0 | R17: 0 | S17: 0 | T17: 0 | U17: 0 | V17: 0 | W17: 0 | X17: 0 | Y17: 0
B18: Tạo tài liệu kiểm thử cho Sprint | E18: Thức | G18: 2 | H18: 2 | I18: 2 | J18: 0 | K18: 0 | L18: 0 | M18: 0 | N18: 0 | O18: 0 | P18: 0 | Q18: 0 | R18: 0 | S18: 0 | T18: 0 | U18: 0 | V18: 0 | W18: 0 | X18: 0 | Y18: 0
B19: User interface design | C19: Giao diện lịch học | E19: Trụ | G19: 6 | H19: 2 | I19: 2 | J19: 2 | K19: 0 | L19: 0 | M19: 0 | N19: 0 | O19: 0 | P19: 0 | Q19: 0 | R19: 0 | S19: 0 | T19: 0 | U19: 0 | V19: 0 | W19: 0 | X19: 0 | Y19: 0
K20: 4 | Y20: 0
C21: Giao diện phòng học trực tuyến | E21: Trụ | G21: 6 | H21: 2 | I21: 2 | J21: 2 | K21: 0 | L21: 0 | M21: 0 | N21: 0 | O21: 0 | P21: 0 | Q21: 0 | R21: 0 | S21: 0 | T21: 0 | U21: 0 | V21: 0 | W21: 0 | X21: 0 | Y21: 0
K22: 4 | Y22: 0
C23: Giao diện xin phép vắng | E23: Trụ | G23: 6 | H23: 2 | I23: 2 | J23: 2 | K23: 0 | L23: 0 | M23: 0 | N23: 0 | O23: 0 | P23: 0 | Q23: 0 | R23: 0 | S23: 0 | T23: 0 | U23: 0 | V23: 0 | W23: 0 | X23: 0 | Y23: 0
K24: 4 | Y24: 0
C25: Giao diện danh sách đơn xin phép chờ duyệt | E25: Trụ | G25: 6 | H25: 2 | I25: 2 | J25: 2 | K25: 0 | L25: 0 | M25: 0 | N25: 0 | O25: 0 | P25: 0 | Q25: 0 | R25: 0 | S25: 0 | T25: 0 | U25: 0 | V25: 0 | W25: 0 | X25: 0 | Y25: 0
K26: 4 | Y26: 0
C27: Giao diện thống kê và xuất báo cáo | E27: Cường | G27: =H27 -> 2 | H27: 2 | I27: 2 | J27: 2 | K27: 0 | L27: 0 | M27: 0 | N27: 0 | O27: 0 | P27: 0 | Q27: 0 | R27: 0 | S27: 0 | T27: 0 | U27: 0 | V27: 0 | W27: 0 | X27: 0 | Y27: 0
C28: Sơ đồ liên kết giao diện | E28: Vinh | G28: =H28 -> 2 | H28: 2 | I28: 2 | J28: 2 | K28: 0 | L28: 0 | M28: 0 | N28: 0 | O28: 0 | P28: 0 | Q28: 0 | R28: 0 | S28: 0 | T28: 0 | U28: 0 | V28: 0 | W28: 0 | X28: 0 | Y28: 0
C29: Review all user interfaces of sprint 2 | E29: All team | G29: 2 | H29: 2 | I29: 2 | J29: 2 | K29: 2 | L29: 2 | M29: 0 | N29: 0 | O29: 0 | P29: 0 | Q29: 0 | R29: 0 | S29: 0 | T29: 0 | U29: 0 | V29: 0 | W29: 0 | X29: 0 | Y29: 0
B30: Design test case | C30: Thiết kế trường kiểm thử cho xem lịch học | E30: Thức | G30: =H30 -> 2 | H30: 2 | I30: 2 | J30: 2 | K30: 2 | L30: 2 | M30: 0 | N30: 0 | O30: 0 | P30: 0 | Q30: 0 | R30: 0 | S30: 0 | T30: 0 | U30: 0 | V30: 0 | W30: 0 | X30: 0 | Y30: 0
C31: Thiết kế trường kiểm thử cho mở phòng học trực tuyến | E31: Thức | G31: =H31 -> 4 | H31: 4 | I31: 4 | J31: 4 | K31: 4 | L31: 4 | M31: 4 | N31: 4 | O31: 0 | P31: 0 | Q31: 0 | R31: 0 | S31: 0 | T31: 0 | U31: 0 | V31: 0 | W31: 0 | X31: 0 | Y31: 0
C32: Thiết kế trường kiểm thử cho tham gia lớp học trực tuyến | E32: Thức | G32: =H32 -> 4 | H32: 4 | I32: 4 | J32: 4 | K32: 4 | L32: 4 | M32: 4 | N32: 4 | O32: 4 | P32: 0 | Q32: 0 | R32: 0 | S32: 0 | T32: 0 | U32: 0 | V32: 0 | W32: 0 | X32: 0 | Y32: 0
C33: Thiết kế trường kiểm thử cho quản lý lớp học trực tuyến | E33: Thức | G33: =H33 -> 2 | H33: 2 | I33: 2 | J33: 2 | K33: 2 | L33: 2 | M33: 2 | N33: 2 | O33: 2 | P33: 2 | Q33: 2 | R33: 0 | S33: 0 | T33: 0 | U33: 0 | V33: 0 | W33: 0 | X33: 0 | Y33: 0
C34: Thiết kế trường kiểm thử cho tương tác trong lớp | E34: Thức | G34: =H34 -> 3 | H34: 3 | I34: 3 | J34: 3 | K34: 3 | L34: 3 | M34: 3 | N34: 3 | O34: 3 | P34: 3 | Q34: 3 | R34: 3 | S34: 3 | T34: 0 | U34: 0 | V34: 0 | W34: 0 | X34: 0 | Y34: 0
C35: Thiết kế trường kiểm thử cho gửi yêu cầu xin phép vắng | E35: Pho, Cường | G35: =H35 -> 2 | H35: 2 | I35: 2 | J35: 2 | K35: 2 | L35: 2 | M35: 2 | N35: 2 | O35: 2 | P35: 2 | Q35: 2 | R35: 2 | S35: 2 | T35: 2 | U35: 0 | V35: 0 | W35: 0 | X35: 0 | Y35: 0
C36: Thiết kế trường kiểm thử cho xuất báo cáo điểm danh | E36: Thức | G36: 3 | H36: 3 | I36: 3 | J36: 3 | K36: 3 | L36: 3 | M36: 3 | N36: 3 | O36: 3 | P36: 3 | Q36: 3 | R36: 3 | S36: 3 | T36: 3 | U36: 3 | V36: 0 | W36: 0 | X36: 0 | Y36: 0
C37: Thiết kế trường kiểm thử cho thống kê, báo cáo hệ thống | E37: Thức | G37: =H37 -> 4 | H37: 4 | I37: 4 | J37: 4 | K37: 4 | L37: 4 | M37: 4 | N37: 4 | O37: 4 | P37: 4 | Q37: 4 | R37: 4 | S37: 4 | T37: 4 | U37: 4 | V37: 4 | W37: 4 | X37: 0 | Y37: 0
C38: Review all test case of sprint 2 | E38: All team | G38: =H38 -> 5 | H38: 5 | I38: 5 | J38: 5 | K38: 5 | L38: 5 | M38: 5 | N38: 5 | O38: 5 | P38: 5 | Q38: 5 | R38: 5 | S38: 5 | T38: 5 | U38: 5 | V38: 5 | W38: 5 | X38: 5 | Y38: 0
B39: Coding | C39: Thiết kế front-end cho xem lịch học | E39: Thức | G39: =H39 -> 4 | H39: 4 | I39: 4 | J39: 4 | K39: 4 | L39: 4 | M39: 0 | N39: 0 | O39: 0 | P39: 0 | Q39: 0 | R39: 0 | S39: 0 | T39: 0 | U39: 0 | V39: 0 | W39: 0 | X39: 0 | Y39: 0
C40: Code back-end cho xem lịch học | E40: Vinh | G40: =H40 -> 6 | H40: 6 | I40: 6 | J40: 6 | K40: 6 | L40: 6 | M40: 0 | N40: 0 | O40: 0 | P40: 0 | Q40: 0 | R40: 0 | S40: 0 | T40: 0 | U40: 0 | V40: 0 | W40: 0 | X40: 0 | Y40: 0
C41: Thiết kế front-end cho mở phòng học trực tuyến | E41: Thức | G41: 4 | H41: 4 | I41: 4 | J41: 4 | K41: 4 | L41: 4 | M41: 4 | N41: 0 | O41: 0 | P41: 0 | Q41: 0 | R41: 0 | S41: 0 | T41: 0 | U41: 0 | V41: 0 | W41: 0 | X41: 0 | Y41: 0
C42: Code back-end cho mở phòng học trực tuyến | E42: Vinh, Cường | G42: 10 | H42: 10 | I42: 10 | J42: 10 | K42: 10 | L42: 10 | M42: 10 | N42: 0 | O42: 0 | P42: 0 | Q42: 0 | R42: 0 | S42: 0 | T42: 0 | U42: 0 | V42: 0 | W42: 0 | X42: 0 | Y42: 0
C43: Thiết kế front-end cho tham gia lớp học trực tuyến | E43: Thức | G43: =H43 -> 4 | H43: 4 | I43: 4 | J43: 4 | K43: 4 | L43: 4 | M43: 4 | N43: 4 | O43: 4 | P43: 0 | Q43: 0 | R43: 0 | S43: 0 | T43: 0 | U43: 0 | V43: 0 | W43: 0 | X43: 0 | Y43: 0
C44: Code back-end cho tham gia lớp học trực tuyến | E44: Vinh, Cường | G44: =H44 -> 6 | H44: 6 | I44: 6 | J44: 6 | K44: 6 | L44: 6 | M44: 6 | N44: 6 | O44: 6 | P44: 0 | Q44: 0 | R44: 0 | S44: 0 | T44: 0 | U44: 0 | V44: 0 | W44: 0 | X44: 0 | Y44: 0
C45: Thiết kế front-end cho quản lý lớp học trực tuyến | E45: Thức | G45: =H45 -> 4 | H45: 4 | I45: 4 | J45: 4 | K45: 4 | L45: 4 | M45: 4 | N45: 4 | O45: 4 | P45: 4 | Q45: 4 | R45: 0 | S45: 0 | T45: 0 | U45: 0 | V45: 0 | W45: 0 | X45: 0 | Y45: 0
C46: Code back-end cho quản lý lớp học trực tuyến | E46: Vinh | G46: =H46 -> 6 | H46: 6 | I46: 6 | J46: 6 | K46: 6 | L46: 6 | M46: 6 | N46: 6 | O46: 6 | P46: 6 | Q46: 6 | R46: 0 | S46: 0 | T46: 0 | U46: 0 | V46: 0 | W46: 0 | X46: 0 | Y46: 0
C47: Thiết kế front-end cho tương tác trong lớp | E47: Thức | G47: =H47 -> 3 | H47: 3 | I47: 3 | J47: 3 | K47: 3 | L47: 3 | M47: 3 | N47: 3 | O47: 3 | P47: 3 | Q47: 3 | R47: 3 | S47: 0 | T47: 0 | U47: 0 | V47: 0 | W47: 0 | X47: 0 | Y47: 0
C48: Code back-end cho tương tác trong lớp | E48: Cường | G48: =H48 -> 6 | H48: 6 | I48: 6 | J48: 6 | K48: 6 | L48: 6 | M48: 6 | N48: 6 | O48: 6 | P48: 6 | Q48: 6 | R48: 6 | S48: 0 | T48: 3 | U48: 0 | V48: 0 | W48: 0 | X48: 0 | Y48: 0
C49: Thiết kế front-end cho gửi yêu cầu xin phép vắng | E49: Thức | G49: =H49 -> 4 | H49: 4 | I49: 4 | J49: 4 | K49: 4 | L49: 4 | M49: 4 | N49: 4 | O49: 4 | P49: 4 | Q49: 4 | R49: 4 | S49: 4 | T49: 4 | U49: 0 | V49: 0 | W49: 0 | X49: 0 | Y49: 0
C50: Code back-end cho gửi yêu cầu xin phép vắng | E50: Pho | G50: =H50 -> 6 | H50: 6 | I50: 6 | J50: 6 | K50: 6 | L50: 6 | M50: 6 | N50: 6 | O50: 6 | P50: 6 | Q50: 6 | R50: 6 | S50: 6 | T50: 6 | U50: 0 | V50: 0 | W50: 0 | X50: 0 | Y50: 0
C51: Thiết kế front-end cho xuất báo cáo điểm danh | E51: Thức | G51: =H51 -> 4 | H51: 4 | I51: 4 | J51: 4 | K51: 4 | L51: 4 | M51: 4 | N51: 4 | O51: 4 | P51: 4 | Q51: 4 | R51: 4 | S51: 4 | T51: 4 | U51: 4 | V51: 0 | W51: 0 | X51: 0 | Y51: 0
C52: Code back-end cho xuất báo cáo điểm danh | E52: Vinh | G52: =H52 -> 6 | H52: 6 | I52: 6 | J52: 6 | K52: 6 | L52: 6 | M52: 6 | N52: 6 | O52: 6 | P52: 6 | Q52: 6 | R52: 6 | S52: 6 | T52: 6 | U52: 6 | V52: 0 | W52: 0 | X52: 0 | Y52: 0
C53: Thiết kế front-end cho thống kê, báo cáo hệ thống | E53: Thức | G53: =H53 -> 4 | H53: 4 | I53: 4 | J53: 4 | K53: 4 | L53: 4 | M53: 4 | N53: 4 | O53: 4 | P53: 4 | Q53: 4 | R53: 4 | S53: 4 | T53: 4 | U53: 4 | V53: 4 | W53: 0 | X53: 0 | Y53: 0
C54: Code back-end cho thống kê, báo cáo hệ thống | E54: Vinh | G54: =H54 -> 8 | H54: 8 | I54: 8 | J54: 8 | K54: 8 | L54: 8 | M54: 8 | N54: 8 | O54: 8 | P54: 8 | Q54: 8 | R54: 8 | S54: 8 | T54: 8 | U54: 8 | V54: 8 | W54: 0 | X54: 0 | Y54: 0
C55: Integrate code | E55: All team | G55: =H55 -> 10 | H55: 10 | I55: 10 | J55: 10 | K55: 10 | L55: 10 | M55: 10 | N55: 10 | O55: 10 | P55: 10 | Q55: 10 | R55: 10 | S55: 10 | T55: 10 | U55: 10 | V55: 10 | W55: 10 | X55: 0 | Y55: 0
B56: Testing | C56: Kiểm tra xem lịch học | E56: Thức | G56: =H56 -> 2 | H56: 2 | I56: 2 | J56: 2 | K56: 2 | L56: 2 | M56: 0 | N56: 0 | O56: 0 | P56: 0 | Q56: 0 | R56: 0 | S56: 0 | T56: 0 | U56: 0 | V56: 0 | W56: 0 | X56: 0 | Y56: 0
C57: Kiểm tra mở phòng học trực tuyến | E57: Thức | G57: =H57 -> 3 | H57: 3 | I57: 3 | J57: 3 | K57: 3 | L57: 3 | M57: 3 | N57: 3 | O57: 0 | P57: 0 | Q57: 0 | R57: 0 | S57: 0 | T57: 0 | U57: 0 | V57: 0 | W57: 0 | X57: 0 | Y57: 0
C58: Kiểm tra tham gia lớp học trực tuyến | E58: Thức | G58: =H58 -> 3 | H58: 3 | I58: 3 | J58: 3 | K58: 3 | L58: 3 | M58: 3 | N58: 3 | O58: 3 | P58: 3 | Q58: 0 | R58: 0 | S58: 0 | T58: 0 | U58: 0 | V58: 0 | W58: 0 | X58: 0 | Y58: 0
C59: Kiểm tra quản lý lớp học trực tuyến | E59: Thức | G59: =H59 -> 2 | H59: 2 | I59: 2 | J59: 2 | K59: 2 | L59: 2 | M59: 2 | N59: 2 | O59: 2 | P59: 2 | Q59: 2 | R59: 0 | S59: 0 | T59: 0 | U59: 0 | V59: 0 | W59: 0 | X59: 0 | Y59: 0
C60: Kiểm tra tương tác trong lớp | E60: Thức | G60: =H60 -> 2 | H60: 2 | I60: 2 | J60: 2 | K60: 2 | L60: 2 | M60: 2 | N60: 2 | O60: 2 | P60: 2 | Q60: 2 | R60: 2 | S60: 2 | T60: 0 | U60: 0 | V60: 0 | W60: 0 | X60: 0 | Y60: 0
C61: Kiểm tra gửi yêu cầu xin phép vắng | E61: Pho, Cường | G61: =H61 -> 2 | H61: 2 | I61: 2 | J61: 2 | K61: 2 | L61: 2 | M61: 2 | N61: 2 | O61: 2 | P61: 2 | Q61: 2 | R61: 2 | S61: 2 | T61: 2 | U61: 0 | V61: 0 | W61: 0 | X61: 0 | Y61: 0
C62: Kiểm tra xuất báo cáo điểm danh | E62: Thức, Pho | G62: 2 | H62: 2 | I62: 2 | J62: 2 | K62: 2 | L62: 2 | M62: 2 | N62: 2 | O62: 2 | P62: 2 | Q62: 2 | R62: 2 | S62: 2 | T62: 2 | U62: 2 | V62: 0 | W62: 0 | X62: 0 | Y62: 0
C63: Kiểm tra thống kê, báo cáo hệ thống | E63: Thức, Pho | G63: =H63 -> 2 | H63: 2 | I63: 2 | J63: 2 | K63: 2 | L63: 2 | M63: 2 | N63: 2 | O63: 2 | P63: 2 | Q63: 2 | R63: 2 | S63: 2 | T63: 2 | U63: 2 | V63: 2 | W63: 2 | X63: 0 | Y63: 0
B64: Fix Bug | C64: Sửa lỗi xem lịch học GUI-XLH07 | E64: Vinh | G64: =H64 -> 2 | H64: 2 | I64: 2 | J64: 2 | K64: 2 | L64: 2 | M64: 0 | N64: 0 | O64: 0 | P64: 0 | Q64: 0 | R64: 0 | S64: 0 | T64: 0 | U64: 0 | V64: 0 | W64: 0 | X64: 0 | Y64: 0
C65: Sửa lỗi mở phòng học trực tuyến FUNC-MPH02 | E65: Vinh | G65: =H65 -> 3 | H65: 3 | I65: 3 | J65: 3 | K65: 3 | L65: 3 | M65: 3 | N65: 3 | O65: 0 | P65: 0 | Q65: 0 | R65: 0 | S65: 0 | T65: 0 | U65: 0 | V65: 0 | W65: 0 | X65: 0 | Y65: 0
C66: Sửa lỗi tham gia lớp học trực tuyến | E66: Vinh | G66: =H66 -> 0 | H66: 0 | I66: 0 | J66: 0 | K66: 0 | L66: 0 | M66: 0 | N66: 0 | O66: 0 | P66: 0 | Q66: 0 | R66: 0 | S66: 0 | T66: 0 | U66: 0 | V66: 0 | W66: 0 | X66: 0 | Y66: 0
C67: Sửa lỗi quản lý lớp học trực tuyến GUI-PH04 | E67: Vinh | G67: 2 | H67: 2 | I67: 2 | J67: 2 | K67: 2 | L67: 2 | M67: 2 | N67: 2 | O67: 2 | P67: 2 | Q67: 2 | R67: 0 | S67: 0 | T67: 0 | U67: 0 | V67: 0 | W67: 0 | X67: 0 | Y67: 0
C68: Sửa lỗi tương tác trong lớp | E68: Vinh | G68: =H68 -> 0 | H68: 0 | I68: 0 | J68: 0 | K68: 0 | L68: 0 | M68: 0 | N68: 0 | O68: 0 | P68: 0 | Q68: 0 | R68: 0 | S68: 0 | T68: 0 | U68: 0 | V68: 0 | W68: 0 | X68: 0 | Y68: 0
C69: Sửa lỗi gửi yêu cầu xin phép vắng | E69: Vinh | G69: =H69 -> 0 | H69: 0 | I69: 0 | J69: 0 | K69: 0 | L69: 0 | M69: 0 | N69: 0 | O69: 0 | P69: 0 | Q69: 0 | R69: 0 | S69: 0 | T69: 0 | U69: 0 | V69: 0 | W69: 0 | X69: 0 | Y69: 0
C70: Sửa lỗi xuất báo cáo điểm danh | E70: Vinh | G70: =H70 -> 0 | H70: 0 | I70: 0 | J70: 0 | K70: 0 | L70: 0 | M70: 0 | N70: 0 | O70: 0 | P70: 0 | Q70: 0 | R70: 0 | S70: 0 | T70: 0 | U70: 0 | V70: 0 | W70: 0 | X70: 0 | Y70: 0
C71: Sửa lỗi thống kê, báo cáo hệ thống | E71: Vinh | G71: =H71 -> 0 | H71: 0 | I71: 0 | J71: 0 | K71: 0 | L71: 0 | M71: 0 | N71: 0 | O71: 0 | P71: 0 | Q71: 0 | R71: 0 | S71: 0 | T71: 0 | U71: 0 | V71: 0 | W71: 0 | X71: 0 | Y71: 0
B72: Re-testing | C72: Kiểm tra lại xem lịch học | E72: Thức | G72: =H72 -> 2 | H72: 2 | I72: 2 | J72: 2 | K72: 2 | L72: 2 | M72: 0 | N72: 0 | O72: 0 | P72: 0 | Q72: 0 | R72: 0 | S72: 0 | T72: 0 | U72: 0 | V72: 0 | W72: 0 | X72: 0 | Y72: 0
C73: Kiểm tra lại mở phòng học trực tuyến | E73: Thức | G73: =H73 -> 3 | H73: 3 | I73: 3 | J73: 3 | K73: 3 | L73: 3 | M73: 3 | N73: 3 | O73: 0 | P73: 0 | Q73: 0 | R73: 0 | S73: 0 | T73: 0 | U73: 0 | V73: 0 | W73: 0 | X73: 0 | Y73: 0
C74: Kiểm tra lại tham gia lớp học trực tuyến | E74: Thức | G74: =H74 -> 3 | H74: 3 | I74: 3 | J74: 3 | K74: 3 | L74: 3 | M74: 3 | N74: 3 | O74: 3 | P74: 3 | Q74: 0 | R74: 0 | S74: 0 | T74: 0 | U74: 0 | V74: 0 | W74: 0 | X74: 0 | Y74: 0
C75: Kiểm tra lại quản lý lớp học trực tuyến | E75: Thức | G75: =H75 -> 2 | H75: 2 | I75: 2 | J75: 2 | K75: 2 | L75: 2 | M75: 2 | N75: 2 | O75: 2 | P75: 2 | Q75: 2 | R75: 0 | S75: 0 | T75: 0 | U75: 0 | V75: 0 | W75: 0 | X75: 0 | Y75: 0
C76: Kiểm tra lại tương tác trong lớp | E76: Thức | G76: 2 | H76: 2 | I76: 2 | J76: 2 | K76: 2 | L76: 2 | M76: 2 | N76: 2 | O76: 2 | P76: 2 | Q76: 2 | R76: 2 | S76: 2 | T76: 0 | U76: 0 | V76: 0 | W76: 0 | X76: 0 | Y76: 0
C77: Kiểm tra lại gửi yêu cầu xin phép vắng | E77: Pho, Cường | G77: =H77 -> 2 | H77: 2 | I77: 2 | J77: 2 | K77: 2 | L77: 2 | M77: 2 | N77: 2 | O77: 2 | P77: 2 | Q77: 2 | R77: 2 | S77: 2 | T77: 2 | U77: 0 | V77: 0 | W77: 0 | X77: 0 | Y77: 0
C78: Kiểm tra lại xuất báo cáo điểm danh | E78: Thức, Pho | G78: =H78 -> 2 | H78: 2 | I78: 2 | J78: 2 | K78: 2 | L78: 2 | M78: 2 | N78: 2 | O78: 2 | P78: 2 | Q78: 2 | R78: 2 | S78: 2 | T78: 2 | U78: 2 | V78: 0 | W78: 2 | X78: 2 | Y78: 0
C79: Kiểm tra lại thống kê, báo cáo hệ thống | E79: Thức, Pho | G79: =H79 -> 2 | H79: 2 | I79: 2 | J79: 2 | K79: 2 | L79: 2 | M79: 2 | N79: 2 | O79: 2 | P79: 2 | Q79: 2 | R79: 2 | S79: 2 | T79: 2 | U79: 2 | V79: 2 | W79: 2 | X79: 0 | Y79: 0
B80: Release Sprint 2 | C80: Sprint 2 review meeting | E80: Vinh, Cường, Thức | G80: =H80 -> 4 | H80: 4 | I80: 4 | J80: 4 | K80: 4 | L80: 4 | M80: 4 | N80: 4 | O80: 4 | P80: 4 | Q80: 4 | R80: 4 | S80: 4 | T80: 4 | U80: 4 | V80: 4 | W80: 4 | X80: 4 | Y80: 0
C81: Sprint 2 retrospective | E81: Vinh, Cường, Thức | G81: =H81 -> 4 | H81: 4 | I81: 4 | J81: 4 | K81: 4 | L81: 4 | M81: 4 | N81: 4 | O81: 4 | P81: 4 | Q81: 4 | R81: 4 | S81: 4 | T81: 4 | U81: 4 | V81: 4 | W81: 4 | X81: 4 | Y81: 0
B82: Tổng | E82: Thực tế | G82: =SUM(G16:G81) -> 217 | I82: =SUM(I16:I81) -> 201 | J82: =SUM(J16:J81) -> 189 | K82: =SUM(K16:K81) -> 193 | L82: =SUM(L16:L81) -> 177 | M82: =SUM(M16:M81) -> 157 | N82: =SUM(N16:N81) -> 143 | O82: =SUM(O16:O81) -> 130 | P82: =SUM(P16:P81) -> 116 | ... Y82: =SUM(Y16:Y81) -> 0
E83: Ước tính | G83: =SUM(H16:H81) -> 201 | I83: =SUMIFS(I$16:I$81,$H$16:$H$81,">0") -> 201 | J83: =SUMIFS(J$16:J$81,$H$16:$H$81,">0") -> 189 | K83: =SUMIFS(K$16:K$81,$H$16:$H$81,">0") -> 177 | L83: =SUMIFS(L$16:L$81,$H$16:$H$81,">0") -> 177 | M83: =SUMIFS(M$16:M$81,$H$16:$H$81,">0") -> 157 | N83: =SUMIFS(N$16:N$81,$H$16:$H$81,">0") -> 143 | O83: =SUMIFS(O$16:O$81,$H$16:$H$81,">0") -> 130 | P83: =SUMIFS(P$16:P$81,$H$16:$H$81,">0") -> 116 | ... Y83: =SUMIFS(Y$16:Y$81,$H$16:$H$81,">0") -> 0

Sheet Total
A1: SPRINT BACKLOG REPORT
B2: ='Sprint 1'!$F$8 -> Vinh | D2: ='Sprint 1'!$F$9 -> Thức | F2: ='Sprint 1'!$F$10 -> Cường | H2: ='Sprint 1'!$F$11 -> Pho | J2: ='Sprint 1'!$F$12 -> Trụ
B3: Thực tế | C3: Ước tính | D3: Thực tế | E3: Ước tính | F3: Thực tế | G3: Ước tính | H3: Thực tế | I3: Ước tính | J3: Thực tế | K3: Ước tính
A4: Sprint 1 | B4: ='Sprint 1'!$D$8 -> 62.633333 | C4: ='Sprint 1'!$E$8 -> 62.633333 | D4: ='Sprint 1'!$D$9 -> 56.133333 | E4: ='Sprint 1'!$E$9 -> 56.133333 | F4: ='Sprint 1'!$D$10 -> 131.13333 | G4: ='Sprint 1'!$E$10 -> 131.63333 | H4: ='Sprint 1'!$D$11 -> 44.3 | I4: ='Sprint 1'!$E$11 -> 38.8 | J4: ='Sprint 1'!$D$12 -> 16.3 | K4: ='Sprint 1'!$E$12 -> 9.3
A5: Sprint 2 | B5: ='Sprint 2'!$D$8 -> 50.733333 | C5: ='Sprint 2'!$E$8 -> 50.733333 | D5: ='Sprint 2'!$D$9 -> 95.733333 | E5: ='Sprint 2'!$E$9 -> 95.733333 | F5: ='Sprint 2'!$D$10 -> 26.733333 | G5: ='Sprint 2'!$E$10 -> 26.733333 | H5: ='Sprint 2'!$D$11 -> 16.4 | I5: ='Sprint 2'!$E$11 -> 16.4 | J5: ='Sprint 2'!$D$12 -> 27.4 | K5: ='Sprint 2'!$E$12 -> 11.4
A6: Tổng | B6: =SUM(B4:B5) -> 113.36667 | C6: =SUM(C4:C5) -> 113.36667 | D6: =SUM(D4:D5) -> 151.86667 | E6: =SUM(E4:E5) -> 151.86667 | F6: =SUM(F4:F5) -> 157.86667 | G6: =SUM(G4:G5) -> 158.36667 | H6: =SUM(H4:H5) -> 60.7 | I6: =SUM(I4:I5) -> 55.2 | ... K6: =SUM(K4:K5) -> 20.7
E9: FINAL TOTAL
E10: Thực tế | F10: =SUMIF($B$3:$K$3,"Thực tế",$B$6:$K$6) -> 527.5
E11: Ước tính | F11: =SUMIF($B$3:$K$3,"Ước tính",$B$6:$K$6) -> 499.5
